community,GEOID,Longitude,Latitude,HCSRCP_2016-2018,HCSRCP_2015-2017,UNS_2015-2019,CZD_2019,CZD_2018,CZD_2017,CZD_2016,CZM_2019,CZM_2018,CZM_2017,CZM_2016,CZR_2019,CZR_2018,CZR_2017,CZR_2016,CZS_2019,CZS_2018,CZS_2017,CZS_2016,CZV_2019,CZV_2018,CZV_2017,CZV_2016,TRF_2019,TRF_2018,TRF_2017,TRF_2016,PMC_2019,PMC_2018,PMC_2017,PMC_2016,MEODR_2019,MEODR_2018,MEODR_2017,MEODR_2016,CCG_2015-2019,CCR_2015-2019,HCSOBP_2016-2018,HCSOBP_2015-2017,DIS_2015-2019,HCSOHSP_2016-2018,HCSOHSP_2015-2017,HCSNSP_2016-2018,HCSNSP_2015-2017,EDB_2015-2019,EDE_2015-2019,UMP_2015-2019,POV_2015-2019,HCSPAP_2016-2018,HCSPAP_2015-2017,HCSSP_2016-2018,HCSSP_2015-2017,LEQ_2015-2019,POP_2015-2019,VRALR_2015-2019,VRDIDR_2015-2019,VRDO_2015-2019,VRSUR_2015-2019,VRCAR_2015-2019,VRDI_2015-2019,VRLE_2019,VRLE_2018,VRLE_2017,VRLE_2016,VRLE_2015,PARK_VEGETATED_SQFT,ROOF_VEGETATED_SQFT,Park Count,Roof Count,TOTAL_VEGETATED_SQFT,AVG_PARK_SQFT,AVG_ROOF_SQFT,TOTAL_COM_AREA_SQFT
ROGERS PARK,1.0,-87.670171,42.00963,74.0,72.2,13.0866436569213,91.913673,63.150125,58.102144,83.862366,1734.071487,1534.334201,1740.422206,1453.821261,110.108444,135.389177,165.55017,158.877453,36.701148,21.776792,33.746963,28.246499,277.773079,273.081867,314.047074,324.822094,432.612003510251,15.7526485861263,15.7117885171004,15.6189171559502,9.428351196648,12.5375073079918,11.0487290680948,11.5239285902903,16.9,12.9,26.0,26.0,75.75115754,628.7100776,33.5,33.7,10.3980029870043,77.0,75.5,73.0,76.6,87.3826852260942,45.7548469165467,5.42814616591768,24.9258198983455,24.9,25.6,16.5,21.3,8.14773430076612,52553.206784,10.2,23.4,65.0,9.9,186.2,718.0,75.609142959,75.13292486,75.0986,75.2831,75.4,2959466.4,29823.0,23.0,6.0,2989289.4,128672.45217391304,4970.5,51296256.0
NORWOOD PARK,10.0,-87.803451,41.985248,82.8,85.5,3.39875693591314,10.946296,16.13985,15.269008,23.97378,418.371346,460.512696,412.835804,501.502403,8.294926,8.993113,13.095491,14.253043,10.111998,3.991725,8.299472,2.984605,41.677774,37.233313,42.468353,44.166416,1485.72089971871,1146.23655210503,1115.05451857639,1188.45811796942,9.78828714086716,12.7563589914488,11.2153837193117,11.8536818522479,16.1,11.4,6.4,6.4,71.78478346,621.2630474,27.9,20.9,11.3750049074824,92.1,91.2,96.3,96.4,92.2187841947678,39.2616044984921,3.18947194160138,6.70165307442226,15.8,16.3,6.7,9.6,3.55218037932098,38676.029693,6.6,15.2,25.0,12.7,169.0,887.0,80.673544076,81.34222222,80.9651,81.2056,80.5,1930143.6,0.0,10.0,0.0,1930143.6,193014.36000000002,6460.170833333333,121828608.0
JEFFERSON PARK,11.0,-87.771165,41.978836,73.2,76.9,8.27852817403559,14.978495,14.986752,20.976037,20.964495,402.457918,458.4507,418.421648,457.339322,13.972681,17.95425,18.968182,22.951882,2.995008,7.001012,7.989433,4.986063,39.956659,58.890868,55.91857,46.91519,1917.24746520248,1482.84723774627,1471.21365752395,1456.5054276146,9.75806312958285,12.7903674933328,11.2563013592639,11.8633608989397,15.3,21.7,7.1,7.1,62.72094485,558.0248437,20.8,17.8,9.43537702046291,89.2,87.3,97.4,96.5,90.9117161644782,35.5715147168416,4.5202627822432,9.81145392962761,26.0,26.4,24.4,19.7,8.23102762641856,27475.359833,13.5,21.4,27.0,11.8,169.1,425.0,80.769752164,80.66629315,79.8778,80.0532,79.2,731372.4,0.0,5.0,0.0,731372.4,146274.48,16452.096153846152,64956672.0
FOREST GLEN,12.0,-87.758358,41.993938,91.5,78.2,3.8246022070458,4.009595,2.005499,5.007594,8.993789,187.991106,250.702132,239.963103,267.931677,2.009949,4.025798,8.027445,6.025986,0.012044,3.974852,2.990865,0.016546,11.009313,21.023953,21.020779,21.041759,1919.74265744983,1873.14531285702,1837.72475979824,1830.56975160347,9.69215148141256,12.718274132685,11.1890008564267,11.7845981978042,0.0,0.0,13.4,13.4,58.39589142,604.5267877,20.3,16.7,9.37569860512477,83.7,81.8,95.4,96.7,94.6536855623295,58.2582373008662,3.1789036744439,4.41424240534286,24.6,26.0,17.5,16.7,3.34636939730618,19361.55814,4.9,17.3,12.0,3.5,142.8,285.0,83.1913665,82.86192603,82.9067,82.1399,82.0,1139529.6,20924.0,8.0,1.0,1160453.6,142441.2,20924.0,89210880.0
NORTH PARK,13.0,-87.723578,41.983651,85.2,85.7,6.38787615458325,7.944029,12.017942,17.872966,30.868778,360.35458,497.974202,524.390408,485.531561,15.912615,28.898419,25.985785,31.932827,7.965049,9.949866,4.02307,3.00972,42.891279,66.782961,59.91491,61.888919,463.655017690316,263.740877884471,249.791549517116,248.445822230811,9.67517890990062,12.7549019456112,11.2503407019191,11.8062252788846,6.1,10.1,11.2,11.2,52.43834125,529.1342413,39.9,18.8,13.6104539183127,93.5,96.1,96.1,87.8,89.114037947883,47.6502341884995,4.52195077423518,11.3278170060913,23.0,21.4,15.9,22.9,8.88475686192216,18896.628476,6.4,8.1,8.0,11.7,133.3,324.0,81.608388028,81.91422278,81.1375,82.6033,83.6,7733206.8,3482.0,8.0,1.0,7736688.8,966650.85,3482.0,70253568.0
ALBANY PARK,14.0,-87.721558,41.968078,73.8,65.8,15.3760972045126,60.061556,31.082011,27.187319,45.262276,934.698727,1092.994227,1202.917589,1084.950242,73.118515,130.253444,138.293824,159.179957,16.08677,15.069951,15.01565,20.024244,198.340441,274.470319,229.584931,276.356408,462.667008176751,169.56008996406,154.481389071998,167.921546754089,9.71454075145279,12.8261138141833,11.3140790661543,11.8641263253975,11.8,7.3,10.2,10.2,44.04523593,466.8818989,29.5,23.9,8.72582728394121,76.4,71.3,87.1,80.0,81.4867052427197,38.1369187650028,5.17742460686887,14.3426627384499,22.6,21.9,24.9,21.2,14.9796766230761,49941.765631,8.5,15.0,39.0,9.2,152.3,522.0,80.313887549,79.22461047,79.4268,79.4931,80.4,1459260.0,16287.0,7.0,3.0,1475547.0,208465.7142857143,5429.0,53526528.0
PORTAGE PARK,15.0,-87.763401,41.954043,77.2,78.1,11.057903000373,46.954596,41.968834,75.92326,79.969326,1031.757304,1341.518354,1431.384324,1339.602725,54.959507,78.962556,71.9993,80.952363,22.977684,18.989277,19.980792,19.970756,205.807457,205.866451,205.910043,201.880672,823.357615610653,714.929223131477,684.166568562507,719.950087883449,9.81911877724845,12.8833546462854,11.3572597983584,11.9469695498283,19.6,19.6,19.2,19.2,74.52443722,561.090609,36.3,34.7,9.46943375747782,86.6,84.1,90.9,88.2,85.733032629731,32.7018174725007,5.48681981524689,9.39921336647777,26.9,24.0,19.6,20.1,10.6306794045297,64579.129015,14.6,23.2,76.0,7.8,161.0,850.0,80.616574374,80.85013908,80.1099,80.029,79.5,2976890.4,18187.0,5.0,3.0,2995077.4,595378.08,6062.333333333333,110119680.0
IRVING PARK,16.0,-87.723457,41.953589,75.8,67.7,12.2597857869809,45.030985,38.9978,27.992491,60.976117,1110.160595,1316.037957,1496.721091,1332.973572,47.987327,87.98189,116.96546,106.975237,20.993917,16.983484,10.011612,16.999724,161.905809,195.92502,219.878201,238.864725,4953.22237401491,4089.05657836404,4181.1059445206,4033.44017181421,9.75567942109737,12.8777603728001,11.370208217672,11.910498041029,15.2,14.7,15.2,15.2,58.66359967,533.834315,31.4,28.6,8.08357837354541,82.5,83.9,83.0,86.6,86.8881944316003,43.4153339380718,3.8563949729241,8.70421881562031,29.9,24.2,19.1,18.3,10.1120317084043,53468.353559,10.9,19.1,52.0,7.2,155.5,551.0,79.272994681,79.51555799,79.7732,79.3258,79.6,4166078.4,0.0,7.0,0.0,4166078.4,595154.0571428571,24467.95,89489664.0
DUNNING,17.0,-87.806015,41.946522,68.1,69.0,8.28036985872342,15.983792,16.984493,19.989875,38.965536,419.609056,584.419079,546.44544,711.257416,5.999863,17.982834,25.971534,46.9392,7.993724,9.996653,5.998086,10.9935,64.953631,78.913168,77.928323,115.866027,560.554475830499,576.930491252176,569.034922050833,558.021882906742,9.89407493069603,12.8951047764437,11.352635281544,11.9936770262718,16.4,23.6,15.4,15.4,66.87103762,547.9770783,31.5,30.3,10.6953585881376,86.2,85.2,94.0,96.4,89.445216649266,26.6596551535625,3.56023901786579,6.9598650419721,23.2,18.8,31.5,19.7,10.0330742077544,43400.977557,11.4,20.5,44.0,12.3,176.8,815.0,79.809719713,79.51904778,79.739,79.4437,80.1,1732816.8,25644.0,3.0,3.0,1758460.8,577605.6,8548.0,103707648.0
MONTCLARE,18.0,-87.798033,41.929306,65.6,58.0,10.5658005867914,9.009547,10.032688,10.04068,8.049388,214.212448,244.247232,232.590204,267.036661,13.039828,10.065414,21.088575,15.088727,2.013608,2.007921,4.006162,1.010298,40.130155,38.115534,56.182776,41.173485,228.014016731594,224.524699922825,229.776952387839,230.456715296553,9.92188421909463,12.9581158773523,11.4132347869169,12.034060517667,31.5,22.1,6.8,6.8,65.17731494,540.6162709,41.6,43.7,11.4419318445469,85.0,66.8,79.0,77.5,79.7162955863434,17.039905818422,5.62031738160878,11.6889146001058,37.0,23.2,21.2,23.2,15.8487269799642,14305.195008,9.6,18.7,12.0,15.4,191.3,282.0,77.097372941,77.73628895,78.301,76.9961,77.1,160736.4,0.0,1.0,0.0,160736.4,160736.4,12900.813333333334,27599616.0
BELMONT CRAGIN,19.0,-87.765502,41.927275,71.6,73.1,16.4197939266026,194.324742,151.339527,120.258817,142.324977,1753.074375,1770.988281,2109.828688,2093.332619,135.215168,159.415199,178.006209,197.159887,35.031917,20.089333,21.055607,30.061001,381.683053,371.957943,420.192841,458.448038,269.464224817446,214.547274680694,210.688648059356,214.666795450625,9.89165436805954,12.97833392369,11.4488258546176,12.0311734549154,17.0,12.8,15.9,15.9,49.68115997,482.3011933,25.9,32.4,10.2062204989524,75.6,73.2,65.0,71.8,68.5992052839714,13.4133174458445,6.16663005645662,15.7922978934644,32.8,28.5,24.8,31.0,20.5669390583039,78649.247667,11.7,18.9,70.0,6.9,152.2,724.0,79.236140785,79.94237057,79.7362,79.6976,80.6,2897175.600000001,33791.0,5.0,5.0,2930966.600000001,579435.1200000002,6758.2,109004544.0
WEST RIDGE,2.0,-87.695017,42.001583,76.8,77.0,11.8221029379094,69.922018,47.924325,49.898019,85.895744,1431.391675,1465.190026,1480.566649,1311.599243,87.92047,124.847676,114.87466,117.894855,26.966188,18.987022,17.981176,18.976693,223.749799,273.684892,239.7607,249.757084,608.424038101868,388.627848270704,393.431592751068,389.583619830461,9.52891899608341,12.6235006005186,11.1227875592567,11.637066195306,7.6,6.3,7.2,7.2,64.36274785,541.7453076,24.2,24.0,9.59993914734186,84.2,87.9,75.6,77.3,82.2089490589254,41.0913494205194,7.19865017675466,19.520282091658,26.3,25.3,17.0,18.5,12.1574132248473,78444.202314,3.1,8.5,30.0,7.1,158.4,970.0,80.429572329,80.05339396,79.8056,79.205,79.1,8213673.6,86512.0,12.0,4.0,8300185.6,684472.7999999999,21628.0,98410752.0
HERMOSA,20.0,-87.734741,41.924353,89.3,77.9,18.5206546969277,53.21195,47.119919,28.190093,56.204559,374.097558,454.982274,600.913015,572.701996,30.071522,48.230835,47.299697,51.234264,10.040861,7.00571,4.044423,11.0206,97.402191,119.494297,137.55869,129.51082,160.40433500662,47.5737853694528,48.7530479185118,48.4829095304612,9.8575397551545,12.9958301193778,11.4725998708749,12.0188013929993,15.1,16.3,22.1,22.1,35.20355073,415.4465653,45.2,42.9,11.0744875241249,82.4,80.8,66.9,58.8,66.6706697584813,16.0629248928077,6.21631056081153,16.4582651730274,36.0,37.7,33.0,42.4,21.7167870942808,23534.165997,4.2,20.2,24.0,2.9,150.5,190.0,79.503439704,78.7599166,79.612,80.7907,81.2,685198.8,0.0,3.0,0.0,685198.8,228399.6,19746.383333333335,32617727.999999996
AVONDALE,21.0,-87.711219,41.938673,79.7,70.5,16.6939992778412,38.022632,20.061923,24.052091,30.115994,954.420725,1167.454208,1110.832791,1087.551371,77.007619,107.006494,113.053992,89.070014,14.007722,17.015924,20.005149,11.00186,162.063195,240.069864,223.097178,184.115554,6409.76274997881,5467.33767576024,5455.75399260878,5476.33975748596,9.77575756857547,12.9263561604035,11.4220914841962,11.9455903394331,19.3,16.5,15.0,15.0,39.27566977,448.6659585,42.0,40.8,7.66856245240291,77.7,73.9,80.0,88.1,80.8507251130346,38.4110018465027,4.32613356623982,14.321270625066,25.6,28.0,14.7,17.7,13.8734945925037,38127.175225,14.9,20.8,37.0,6.9,130.2,319.0,82.160594481,81.73388088,81.0704,80.4677,80.6,379407.6,71038.0,8.0,6.0,450445.6,47425.95,11839.666666666666,55199232.0
LOGAN SQUARE,22.0,-87.699149,41.922768,70.0,67.4,7.81974130624187,73.806238,65.644172,57.764989,90.250411,2606.522047,2579.001134,2799.99068,2946.95602,136.096479,140.763715,253.926746,204.364089,31.024905,25.018606,27.05004,27.02878,324.784244,347.577231,448.857635,407.655055,4490.82780377712,3786.74590105948,3782.78451022232,3824.47199952261,9.79684487140794,12.9790511746459,11.4805378037916,11.9774213828471,18.9,16.6,11.3,11.3,39.90008168,434.8883309,22.9,22.0,5.01585820434055,81.1,84.9,84.9,82.6,91.3176221081612,57.9044168632465,3.17114032657916,11.3164168289958,18.7,18.8,18.1,16.8,9.06496405554294,72410.235757,10.9,19.7,63.0,4.2,126.6,477.0,81.303544922,81.78828538,81.1209,80.3362,80.2,1105552.8,92273.0,15.0,10.0,1197825.8,73703.52,9227.3,100083456.0
HUMBOLDT PARK,23.0,-87.720917,41.90008,68.9,75.4,16.181016452715,1870.813773,1678.540963,1142.016798,1014.112773,2320.944231,2515.104151,2981.468708,3014.054786,216.182718,342.572179,401.47555,416.515749,52.73863,41.729932,61.637864,46.843295,754.670969,917.806486,1050.428329,989.619375,287.120275328499,232.569230082364,230.835451672749,227.922966012663,9.90227504660425,13.0789610666269,11.562786610913,12.0758415631553,59.2,75.3,68.8,68.8,55.53973509,530.1180947,33.5,35.4,12.7891372397881,66.2,72.5,48.5,52.2,72.7036463817308,14.9627310813624,11.7884292548421,26.6808956070045,39.8,32.5,33.0,35.3,10.1150066700502,55049.319577,9.3,63.0,158.0,5.8,173.0,660.0,73.683279119,73.70271262,74.6697,74.694,75.6,650786.3999999999,118169.0,16.0,4.0,768955.3999999999,40674.149999999994,29542.25,100362240.0
WEST TOWN,24.0,-87.676358,41.901216,65.2,68.3,5.78411831969282,83.934808,57.746822,77.587673,84.318338,3862.463034,4062.548818,4954.259979,4875.457895,238.296491,287.56531,430.231979,390.787963,46.990383,49.010322,54.009094,31.012494,518.947844,577.338369,754.631426,697.687317,4766.06142960148,4187.61514256341,4223.02232665945,4226.65914414677,9.8141163112258,13.0506477782433,11.5545943859601,12.0112753304022,22.8,15.9,19.6,19.6,60.25332762,566.1959819,21.5,18.7,5.01923790383972,88.5,85.1,86.0,84.6,93.9061185087518,68.0241321714118,3.51827166980835,10.8919416610081,13.1,13.6,19.7,19.1,4.56690517716462,84714.808339,11.4,21.6,79.0,6.2,149.7,626.0,81.070150958,80.5592539,79.9984,80.636,80.2,10586822.4,58126.0,17.0,7.0,10644948.4,622754.2588235295,8303.714285714286,127683072.0
AUSTIN,25.0,-87.763117,41.894113,85.3,87.0,11.5830430758414,1254.076944,1342.415716,1454.976406,1859.593339,5215.375422,5382.23528,5375.839744,5692.174843,593.786377,764.134227,817.402936,845.18721,106.247315,125.145083,98.355092,94.090693,1827.594399,1951.09662,2039.834248,2129.47989,1278.8518457992,1173.36844580866,1162.88459187279,1160.88848381767,9.97005067519777,13.0906508595609,11.5530741856632,12.1152735332601,66.1,62.2,64.6,64.6,100.4020041,675.8449753,38.4,38.9,17.1940733250037,77.0,71.9,59.6,54.9,81.4135092309197,16.6071243435873,11.9320150559996,25.3834501888885,34.9,31.2,35.9,36.3,2.71701939749917,93940.666333,9.6,63.6,324.0,5.0,230.9,1840.0,71.012466422,70.66226144,70.1267,70.7371,72.2,8388784.8,157768.0,17.0,10.0,8546552.8,493457.9294117647,15776.8,199330560.0
WEST GARFIELD PARK,26.0,-87.730233,41.878602,83.4,85.9,10.1679874307296,1703.212841,1041.869575,983.549241,1413.076207,1594.651374,1675.974087,1648.623435,1676.887531,254.917309,308.83292,300.903065,347.835895,35.982961,35.996396,25.970594,36.012945,718.849561,762.900892,730.679376,757.918278,3420.40812429659,2612.67049932,2622.38432976221,2611.51142927778,9.96984876838591,13.1575698377994,11.6326880236186,12.1421054428983,87.8,91.6,64.8,64.8,142.3277099,770.5501449,48.4,44.6,20.111409448186,61.7,67.7,46.0,49.3,72.7182617373117,6.30907659810959,20.2886692690276,39.0036085963692,39.7,31.2,47.3,38.4,0.23064821554993,16414.888906,7.9,79.8,70.0,11.0,263.4,345.0,69.05180762,68.11950978,68.4772,69.5275,70.5,225205.2,5062.0,5.0,1.0,230267.2,45041.04,5062.0,35684352.0
EAST GARFIELD PARK,27.0,-87.705892,41.878923,92.6,78.6,7.5768985912851,672.906019,599.550084,650.429428,758.254463,1641.550608,1819.049689,1619.712359,1695.841735,201.612086,299.491018,252.590067,234.88896,24.933331,28.016568,26.95759,32.940473,600.193544,741.995236,670.670552,690.552985,3331.9746237001,3009.84296773048,3025.85084369056,3003.08005763338,9.92650635185124,13.1454800548218,11.6278628132355,12.1117429430896,112.7,118.5,79.2,79.2,119.9075243,792.1675667,43.5,33.4,18.2846754700843,71.2,77.2,60.6,67.1,75.8633209136746,15.8729107757838,17.5436971899511,44.3511986623673,39.1,47.0,30.1,43.4,0.744903522150803,18950.718601,9.7,86.7,85.0,0.0,252.9,371.0,67.725109634,67.92824583,67.6843,68.7291,70.1,8455867.2,0.0,10.0,0.0,8455867.2,845586.72,16993.96,53805312.0
NEAR WEST SIDE,28.0,-87.663513,41.874016,73.6,76.3,4.86024052203708,219.389556,161.238941,158.153279,207.259109,4710.975948,4927.928286,4888.490044,4965.596941,301.51351,342.469595,458.781184,351.578113,61.086361,66.020475,68.108913,66.967585,725.817836,743.765317,859.41481,726.294663,5401.12963058891,4646.61611448414,4618.22461733373,4660.47272470782,9.86020815746151,13.1405691815807,11.6468117468272,12.0706043013504,61.7,32.2,41.1,41.1,88.62019911,630.1981121,24.1,19.8,11.1506461800009,87.9,90.3,82.6,81.6,89.2747243246521,56.4161129611772,8.3862206971593,25.4373414697025,16.6,18.6,19.1,23.1,1.02862339113456,63280.09464,9.6,39.5,92.0,6.6,190.6,584.0,75.963707652,76.00864061,76.3446,78.3829,78.5,1795978.8,253318.0,14.0,32.0,2049296.8,128284.2,7916.1875,158628096.0
NORTH LAWNDALE,29.0,-87.717218,41.860197,77.2,78.2,10.5159078440438,2151.732718,2035.02836,1599.649301,1180.629351,2483.188217,2719.394075,2754.028984,2906.423332,343.45725,376.39245,390.430547,449.261549,41.970426,55.937261,62.91961,48.950957,1032.718655,1137.456458,1159.411643,1290.041111,480.329280524239,326.120863260176,318.789981003373,330.543749594088,9.97423913415003,13.1958691535844,11.6651424544887,12.1518469950898,94.0,114.9,93.2,93.2,102.0549408,708.8084386,44.1,46.8,15.9070985505594,82.1,84.3,45.9,47.9,77.5607446089107,12.5043269339396,14.4097539145349,38.13909172783,25.2,23.5,44.0,44.1,1.55912976813669,32086.480035,11.5,98.7,161.0,2.7,244.2,622.0,69.141987323,67.88485659,68.0885,69.9699,71.7,8439314.4,9124.0,13.0,3.0,8448438.4,649178.0307692308,3041.3333333333335,89489664.0
UPTOWN,3.0,-87.655899,41.965822,66.4,72.7,7.6032551550007,56.549916,64.335716,63.650594,102.755015,1269.287777,1433.03288,1414.462332,1453.039412,72.494171,101.887305,98.933867,135.272746,26.720434,37.600429,36.008666,21.017531,243.647755,249.160716,284.770545,309.194536,1913.85468889212,1430.28293762899,1425.68240614676,1446.71029715936,9.55943972712042,12.7430252377127,11.2709234882487,11.7244068849235,18.4,17.4,18.5,18.5,72.77352599,678.8576846,20.0,20.9,11.8311114973679,86.3,84.6,81.9,79.0,91.5662220267662,60.9438287527515,3.5723128309611,17.6657769265917,20.0,13.1,18.8,19.3,4.73643789383015,53663.317254,12.4,24.4,75.0,10.8,173.9,929.0,76.005644552,75.97679257,76.1421,76.1365,76.6,806731.2000000001,94895.0,11.0,5.0,901626.2,73339.20000000001,18979.0,64677887.99999999
SOUTH LAWNDALE,30.0,-87.714,41.839091,69.7,72.7,22.5241827859129,333.524859,272.958892,178.926286,165.954401,1693.512403,1843.147996,1945.929139,1975.207523,147.616554,201.502683,219.80738,250.758754,33.093059,40.041092,38.001745,38.002611,489.522676,548.341285,585.972293,649.228848,182.94848555511,69.1265331785674,71.4513074461231,69.9302195595379,9.98749354477982,13.2274812542912,11.6811807314356,12.160589478021,11.6,21.7,11.1,11.1,31.54110235,414.5193411,41.5,42.5,8.07396073588549,75.0,77.0,51.9,53.8,56.3289964069566,7.84529519484257,8.70074396350244,27.9704984354139,32.0,28.6,30.0,27.1,21.2048033115488,72091.383081,14.6,14.7,53.0,3.5,146.8,479.0,78.927058256,79.41368811,80.4736,80.6611,80.7,1122105.6,14249.0,7.0,1.0,1136354.6,160300.80000000002,14249.0,127961856.0
LOWER WEST SIDE,31.0,-87.66757,41.850277,61.9,67.8,15.0295044415172,71.299375,55.668659,40.750583,78.56988,834.675556,925.566667,1020.751561,1004.795513,58.735852,87.568124,107.117043,78.485709,19.818391,20.927725,22.841379,15.941547,203.890956,243.749415,284.745363,262.869193,1322.8071871678,1084.71583564073,1113.90604313287,1097.671088808,9.90522084053361,13.203263507907,11.6870256548668,12.110561568589,12.6,11.6,11.8,11.8,37.16788895,460.6396219,19.9,24.2,9.79430342595258,81.2,77.3,69.8,69.0,73.2425534173168,31.5325092338039,4.87292339134106,15.4104922940335,24.2,34.1,25.4,31.2,18.3620483501764,33050.021824,8.8,17.1,30.0,8.9,128.8,286.0,80.948944574,80.36008176,80.2423,81.1149,82.0,1526778.0,28944.0,9.0,4.0,1555722.0,169642.0,7236.0,81683712.0
LOOP,32.0,-87.625194,41.878881,74.0,79.6,3.88101993437186,102.414458,81.515795,65.318301,72.953766,5530.941122,5707.477631,5847.933126,4779.486005,215.579576,261.350382,307.886323,255.674157,27.736556,39.084841,32.477888,31.386694,408.988474,465.290664,488.796208,407.300047,5205.83281703795,4370.1197220197,4306.15113687808,4351.38090742109,9.78110947798725,13.1082029543594,11.6302252735939,12.011949989473,14.2,25.2,10.7,10.7,47.6253366,629.7394907,6.7,10.4,6.51906193222752,92.3,93.9,87.9,85.7,97.9521362268874,83.2098139135465,5.61386293080886,11.3817703092548,12.0,12.8,18.8,15.9,1.26003246650218,35958.497534,12.1,14.8,22.0,12.4,138.7,176.0,81.246381842,81.94713272,81.625,82.0031,81.6,1170457.2000000002,829953.0,6.0,32.0,2000410.2,195076.20000000004,25936.03125,45999360.0
NEAR SOUTH SIDE,33.0,-87.620344,41.857196,70.7,72.4,3.19616574764331,28.147262,17.69761,16.469136,22.741915,691.143629,716.032983,740.312795,769.780367,41.408648,45.293182,83.498576,44.013453,6.205667,11.238247,7.173321,12.463122,102.881309,105.012929,129.591399,109.543801,3410.87521436756,2871.55263795527,2876.56362449363,2868.56932764869,9.82823535354026,13.1732295103849,11.704668187488,12.0619140456624,20.5,12.4,16.5,16.5,99.82194694,781.8340245,13.0,9.7,7.81055193670799,94.6,91.6,87.2,89.8,96.2992674615411,71.7285844226656,0.709945356185135,10.2572695971698,13.3,7.7,11.9,14.6,2.92171748935264,19810.006139,8.3,19.8,22.0,11.9,162.8,241.0,79.443563518,80.81955992,80.0532,79.3736,78.8,19110207.6,1159160.0,8.0,19.0,20269367.6,2388775.95,61008.42105263158,49623552.0
ARMOUR SQUARE,34.0,-87.633976,41.842083,82.3,79.6,7.89013846765554,21.975751,13.0699,9.01673,16.076659,504.386351,527.68389,514.126694,499.846767,71.656478,55.87012,100.696072,113.494629,4.025334,5.050277,4.986162,2.990742,122.684558,124.724896,155.62576,169.438678,10134.759564254,8005.29569291206,7959.76332231025,8116.19878701642,9.85946049967841,13.206756489552,11.7073360807376,12.0754008476822,6.8,6.8,14.7,14.7,95.98059623,475.1439779,31.740000000000002,32.31999999999999,14.1276953885609,56.7,84.7,76.5,63.2,63.4628125448764,23.5281995121662,12.8697222516743,37.3926237377569,54.5,29.7,28.619999999999997,31.04,31.3265871491734,13585.42411,1.4,8.4,6.0,3.0,156.5,245.0,80.733412993,80.90039328,80.4189,80.5668,80.1,482209.2,0.0,3.0,0.0,482209.2,160736.4,15766.016666666666,27878400.0
DOUGLAS,35.0,-87.61868,41.835122,83.7,74.1,6.61899197927608,76.30571,42.699906,48.917589,71.270853,945.0498,988.554306,1027.206387,999.350691,71.869015,103.137236,139.606687,151.690237,16.215497,15.345956,18.000698,15.578076,216.100034,218.884508,249.433998,272.134416,1398.60494079057,1040.6945507609,1040.46618006732,1033.64875699003,9.83497845191406,13.212608576226,11.7010908262283,12.05523566294,47.6,16.6,37.3,37.3,132.5151693,834.6836549,26.2,24.7,13.3752168918956,77.7,82.1,78.4,89.4,89.4136568349718,44.4287759642343,12.349215684039,34.9312873573685,24.7,26.9,19.9,27.0,1.75341008768593,18763.463356,8.0,37.7,34.0,13.2,245.8,461.0,72.076329935,72.63753356,74.0149,73.9971,74.0,28973934.0,10958.0,10.0,7.0,28984892.0,2897393.4,1565.4285714285713,45999360.0
OAKLAND,36.0,-87.603217,41.823754,81.5,83.2,5.31264535910909,6.011381,3.523266,0.99615,5.522848,162.59206,147.138703,166.039843,212.41126,15.57318,12.546755,20.128304,18.720695,2.643974,3.592937,3.087825,2.031734,52.994251,43.033831,42.293668,50.146484,2142.78511398308,1578.42856904067,1539.15320704066,1470.14083218155,9.792052222111,13.2045032524428,11.6798385749375,12.0157644301977,74.7,56.7,51.0,51.0,279.0233217,1431.83497,33.8,44.0,15.2602798392793,68.2,82.44,64.5,59.4,90.5339037062114,33.8985788067819,15.409538443244,24.7303164501057,41.6,31.0,26.1,12.2,0.310174204360304,4425.440249,8.2,45.7,12.0,0.0,298.9,126.0,66.834609103,68.19772011,70.0112,70.0592,70.3,980971.2,24157.0,5.0,13.0,1005128.2,196194.24,1858.2307692307693,16169471.999999998
FULLER PARK,37.0,-87.632427,41.809082,64.8,79.9,6.14028609098876,61.825202,27.017882,26.989329,34.148526,295.482307,270.545319,340.597731,369.44622,32.880772,20.983877,47.913639,46.100272,8.970602,5.055312,2.017809,8.012994,94.923659,79.214799,100.965215,111.224589,12426.8691625235,9826.2708957454,9600.16176660919,9450.9526962578,9.86008222149758,13.2466308682406,11.700086739089,12.0625714447095,92.7,90.8,73.6,73.6,151.17178,734.2922485,31.740000000000002,30.940000000000005,24.0365841535871,62.0,67.6,83.7,83.7,78.7730719023743,8.85011351949402,25.1432215844565,29.3386848936026,32.7,29.8,47.4,36.3,1.47011104490848,2396.551147,17.1,77.1,12.0,0.0,288.8,82.0,66.299409599,64.57134646,65.8205,66.8585,66.3,482644.8,0.0,2.0,0.0,482644.8,241322.4,15766.016666666668,19793664.0
GRAND BOULEVARD,38.0,-87.61786,41.812947,85.3,82.7,7.0269912115833,192.135904,111.060706,120.068926,85.092197,1172.289161,1215.212438,1307.37286,1309.499434,91.057319,143.99495,180.064137,175.047891,19.019773,17.010097,10.007889,23.015975,298.14731,387.086215,390.149056,382.155588,620.588704746431,422.704496559186,424.782597173923,421.507450649909,9.82650841929273,13.2329717255262,11.6851766230003,12.0350343596783,21.9,57.8,26.4,26.4,122.024984,738.6054194,34.2,45.5,19.7707077826007,84.9,85.2,70.2,72.2,87.012962805373,32.6849587120254,15.3732062634849,29.0246827516973,31.5,30.6,26.7,24.6,0.44173627911677,22636.700945,6.6,34.9,39.0,1.8,258.5,492.0,73.887009197,73.20366722,72.7974,72.9405,73.4,1134302.4,13212.0,11.0,6.0,1147514.4,103118.4,2202.0,48508416.0
KENWOOD,39.0,-87.596186,41.808918,69.5,80.4,6.34888371258529,20.312732,11.58857,6.434117,10.874341,545.163273,573.489202,642.325815,601.201787,41.033623,54.631772,90.471442,68.328338,11.86358,6.287833,11.571503,10.00983,121.235655,131.545608,167.810539,140.100321,1505.5606730369,885.167423395908,876.779589861105,872.169142824077,9.77678241572484,13.2182623513682,11.6524404142624,11.9803025272737,0.0,9.6,15.6,15.6,81.70643871,868.9310361,26.2,31.6,11.6214092716574,87.6,83.8,85.8,84.2,94.3804925295081,59.6134655516365,9.57757530817873,19.431431303602,19.4,25.7,17.4,17.9,0.461573603825015,14201.388739,5.4,7.7,8.0,7.9,171.8,319.0,80.503191001,79.97172749,77.2299,78.5048,80.4,801504.0,0.0,5.0,0.0,801504.0,160300.8,16452.096153846152,28993536.0
LINCOLN SQUARE,4.0,-87.687513,41.975182,76.1,66.8,7.65987279640778,23.998525,34.921989,31.995764,37.919129,823.364906,895.579832,970.764335,866.510257,28.962555,39.874107,64.717335,55.843489,29.955294,18.973271,19.957404,17.959179,116.794468,112.774377,132.493357,120.717392,379.070558152381,198.91559595827,198.306054814906,196.262635588779,9.60631084782922,12.7476300801347,11.259459769346,11.7614403303928,6.3,17.4,7.4,7.4,68.10869245,630.973388,23.0,20.3,6.87100081641884,84.5,84.2,90.1,90.4,93.0704866296912,63.8222465600591,4.15388786277882,8.16097667454616,19.1,17.4,8.6,9.3,6.18862081035567,42033.841869,7.7,12.9,27.0,6.3,158.8,419.0,81.537196922,80.11456771,79.8616,81.7223,81.3,3017836.8,16767.0,7.0,3.0,3034603.8,431119.5428571428,5589.0,71368704.0
WASHINGTON PARK,40.0,-87.617936,41.792356,93.5,95.1,6.93292739521732,129.086485,41.105968,43.078079,103.007458,777.274537,1008.171689,1067.169048,1076.210606,66.048222,104.003837,160.003129,170.998801,16.015085,19.000838,17.999824,12.009503,256.138717,366.037681,396.058237,378.064802,822.94069424682,568.480819626979,562.591137019466,507.986954857384,9.8347472160243,13.2521455675545,11.6820274936519,12.0234817844408,61.8,62.8,29.0,29.0,81.52248454,694.035486,42.8,43.2,19.1611825750057,60.9,64.9,38.8,43.1,84.244283478128,17.5115886797612,21.9298241296064,37.1842735540573,26.9,22.6,60.1,54.7,0.417312681257397,10969.043052,15.6,66.7,32.0,5.1,290.2,177.0,70.376794277,69.76813083,69.5243,68.458,69.4,10890.0,5266.0,1.0,1.0,16156.0,10890.0,5266.0,42375168.0
HYDE PARK,41.0,-87.592305,41.794088,71.4,80.7,5.59269205647359,13.721719,7.451048,6.367495,7.350079,673.296187,777.125167,758.425322,775.803976,61.661441,92.527855,82.118217,75.184588,7.97118,16.251929,20.695722,6.849507,111.765955,152.1146,136.35837,110.355556,906.413211833639,674.618671603352,690.728721943622,678.32513638655,9.76590920122968,13.2208759536388,11.6451878896608,11.9563147875292,0.0,2.3,6.3,6.3,89.21493341,772.7769062,15.4,11.9,9.68620366287875,91.7,91.4,90.8,91.3,96.8821646452831,79.7490143410709,7.81604658718002,20.8223756840121,14.7,23.5,8.2,7.7,1.35078054213951,22487.887103,2.3,7.9,11.0,3.6,144.2,274.0,82.673979726,83.08731332,82.9254,81.8709,81.1,4799005.2,26286.0,11.0,6.0,4825291.2,436273.2,4381.0,44884224.0
WOODLAWN,42.0,-87.594924,41.778877,71.8,76.2,8.7994834806228,158.064722,157.021586,115.852268,130.610668,1206.22641,1188.777765,1511.514856,1415.512442,122.181954,113.805413,197.182549,177.167206,27.670477,31.085041,20.834982,20.300519,409.300049,389.795285,496.784726,434.132068,411.436720903471,271.747809224662,262.29364407819,242.134905435264,9.77817915217071,13.2452962254373,11.6440175628512,11.9628930362394,46.5,16.1,21.6,21.6,108.4513171,686.4527702,46.8,50.7,18.9370117191274,77.7,79.5,63.5,65.8,86.4047446125236,28.543111632405,17.7055020977893,35.5076121813165,27.1,27.6,34.2,30.1,0.922721934361704,22922.634445,10.3,30.6,36.0,3.5,221.6,409.0,75.281395718,74.88533713,74.7261,75.221,75.7,39789446.4,30944.0,11.0,6.0,39820390.4,3617222.4,5157.333333333333,57708287.99999999
SOUTH SHORE,43.0,-87.57279,41.761583,86.1,83.2,7.7341796650143,399.052983,324.067765,235.476375,249.915599,2995.834328,3042.225884,3105.395133,2929.979436,263.556905,284.266512,426.518441,419.860458,65.626091,54.565537,53.276321,41.926284,936.88346,937.873044,1071.127474,988.385171,395.28398566786,292.984875461227,301.988250038009,309.451760792609,9.72069145016397,13.2313449668565,11.6135134731332,11.8918132241024,31.3,27.6,34.8,34.8,128.6191566,877.359829,37.4,31.3,14.9502964982786,79.7,82.0,54.8,57.9,91.1599802607384,24.7104641855261,16.2997925564267,31.09504774571,23.6,21.4,38.2,35.7,1.21191220198178,43755.223524,5.9,30.5,88.0,6.1,209.5,1155.0,71.868932078,70.73129601,71.1259,71.5166,71.2,6363680.399999999,47567.0,10.0,4.0,6411247.399999999,636368.0399999999,11891.75,81683712.0
CHATHAM,44.0,-87.615965,41.740206,89.9,82.1,11.2541974432075,323.745054,264.359978,187.161151,242.773832,2560.188677,2643.367708,2666.174293,2628.800777,257.388214,256.48685,301.994387,330.090634,36.10479,43.138811,43.146774,27.195571,765.894641,705.903475,738.462404,734.699575,2281.65291535121,1787.30961761731,1823.4324268415,1803.5590437789,9.82381708466486,13.294208897324,11.6679055079057,11.9883571297184,63.5,28.7,25.6,25.6,88.8713019,672.217976,40.5,39.5,16.9495749606675,84.2,85.1,66.3,65.8,88.0512518599134,25.8601753942204,15.345092340582,23.7852291177321,30.4,29.4,27.4,27.1,0.459918033964268,31122.174153,10.7,43.7,77.0,9.7,192.4,777.0,72.058629299,72.37972999,73.7709,73.5322,72.5,2432390.4,154981.0,7.0,4.0,2587371.4,347484.34285714285,38745.25,82241280.0
AVALON PARK,45.0,-87.586347,41.744197,85.1,82.7,5.28853395751252,65.40622,21.044868,15.096469,44.656359,406.804422,396.185588,503.791582,474.292339,26.819403,31.698629,63.361468,67.113766,5.935604,8.929636,8.89406,10.894528,110.835031,112.007292,140.527425,154.326362,875.200637336281,1083.92088574762,1085.50466384337,1175.13514576237,9.76065960495004,13.2795874884175,11.6383439151065,11.9260095198344,34.4,0.0,16.7,16.7,80.49026585,668.6188682,54.4,55.7,18.3567304297653,73.3,67.9,56.0,58.0,89.2702004831245,27.1986820265633,14.5586798650409,20.8054281323115,33.7,40.4,50.8,59.7,0.0001847557112728,9589.463276,7.6,30.3,17.0,1.3,198.5,287.0,74.621979029,73.37941529,72.6333,75.097,75.1,1236668.4,8070.0,2.0,1.0,1244738.4,618334.2,8070.0,34848000.0
SOUTH CHICAGO,46.0,-87.551435,41.741243,94.5,81.8,9.70152515811857,224.613926,161.112586,141.925564,193.209593,1295.602701,1438.074753,1562.881796,1636.701166,118.655671,126.45924,155.648153,199.699577,28.073662,33.164731,30.090381,28.132567,446.421887,457.197663,537.888734,557.30945,204.756508777724,181.082335043905,180.50033176577,183.34082073063,9.66763746633972,13.2290435857749,11.5792528225005,11.8259375857962,36.8,37.2,40.3,40.3,105.199653,666.886555,45.2,43.4,14.5692061183863,76.6,83.3,52.7,62.4,82.7791982533554,18.3537949127441,18.2360446124729,28.8380762548372,40.0,29.1,41.4,46.6,3.98799239304622,28332.448885,11.2,44.2,70.0,3.0,223.0,580.0,71.69052552,73.01633002,73.3726,72.4902,73.7,2004195.6,5281.0,5.0,1.0,2009476.6,400839.12,5281.0,93113856.0
BURNSIDE,47.0,-87.59647,41.728181,97.0,100.0,15.4921796007356,25.891685,28.813103,19.867668,12.929949,141.225665,155.16191,136.37792,140.242968,19.871666,23.861495,9.98593,13.933767,1.004621,2.994424,1.990937,4.96892,55.687994,57.686696,52.713137,43.751808,75.1630552221671,89.1527747824609,88.0884959058504,88.5160672532755,9.77998131500557,13.2823292296975,11.6424602718967,11.9380252603964,21.8,36.0,0.0,0.0,87.8953459,497.0373265,35.62,38.18,27.8487070235278,58.9,81.8,48.8,71.91999999999999,84.5989271945057,15.0458075775804,20.1272778552598,15.7085854899638,34.160000000000004,45.5,33.42,31.419999999999998,0.810578101713841,1996.719897,7.2,37.6,6.0,0.0,171.6,59.0,72.644522088,70.24801757,68.9951,70.4722,70.2,231303.6,0.0,1.0,0.0,231303.6,231303.6,12900.813333333334,17005824.0
CALUMET HEIGHTS,48.0,-87.57272,41.729673,84.4,85.9,6.95451543408498,90.871105,36.988505,27.990426,38.960602,511.45918,492.475913,579.271458,600.305296,40.976762,43.970882,67.893423,57.935457,9.979524,10.981582,5.994644,7.994876,133.87199,134.866446,152.836617,141.867432,680.400618720231,814.017253107338,793.383182067736,811.204734550105,9.72400320357858,13.2634703213401,11.6213036298404,11.8777651818266,32.5,9.4,0.0,0.0,85.9263368,686.3498692,35.0,31.1,17.0363174676534,77.0,78.1,86.4,92.9,91.38300553417,26.1514592480946,9.08322028847087,15.6659033164236,32.7,17.2,50.1,49.6,1.34882931974402,12798.740461,12.3,20.8,16.0,11.2,188.3,377.0,74.765684435,73.53857853,73.605,74.4935,74.6,750538.8,3873.0,1.0,1.0,754411.8,750538.8,3873.0,48787200.0
ROSELAND,49.0,-87.623366,41.706588,88.7,87.5,7.34588743003122,294.515988,318.395463,289.465998,380.470335,2157.847628,2347.345375,2535.991094,2658.833003,205.496466,259.411173,331.602258,348.614864,43.073759,42.04266,44.081687,55.000109,719.636205,789.222852,839.498375,919.262807,1658.01419175584,1543.47810238028,1529.55764142868,1548.68431670157,9.80542086014346,13.2910454200511,11.6476822704807,11.9561023225265,34.6,28.9,48.1,48.1,100.0942324,670.2019355,52.4,52.6,15.2786790500233,75.4,71.9,64.8,65.8,85.1286010855833,20.6048361147919,20.138681828876,23.4093236287476,31.6,37.3,33.2,31.7,0.148627613358403,39252.989495,7.6,41.2,92.0,6.9,209.8,1151.0,71.468448914,70.59815966,70.7762,72.2114,73.3,3985740.0,25446.0,6.0,2.0,4011186.0,664290.0,12723.0,134373888.0
NORTH CENTER,5.0,-87.683839,41.947811,76.6,80.3,3.04988745205754,16.971433,14.966171,19.964156,33.940363,647.075448,727.34471,811.264709,729.275487,24.040391,36.095645,51.015329,47.063283,6.00871,4.026345,9.99839,9.001677,53.16193,73.204457,89.110302,87.14578,821.464548148252,733.670798327396,738.650172598123,730.812891809332,9.68897037536576,12.8649690234447,11.3775338303734,11.8631108564214,11.1,1.4,9.3,9.3,48.99000849,545.3590122,16.6,18.1,5.51122287636457,83.4,89.1,95.3,98.5,93.1553706677788,72.2992730188542,2.76752887700934,5.28934818053859,15.7,17.3,24.3,18.7,2.42125983844456,35603.029202,6.0,12.6,18.0,8.5,144.3,216.0,82.971569893,81.30026136,81.5534,82.1327,81.6,1751983.2,15006.0,6.0,3.0,1766989.2,291997.2,5002.0,57150719.99999999
PULLMAN,50.0,-87.598252,41.706131,89.8,89.8,5.93907580829142,35.204503,27.183438,32.10783,30.191885,390.139353,452.694082,430.576796,438.861687,20.211522,20.285828,23.250371,37.317975,7.014098,6.050551,5.02475,5.026959,83.732358,80.726155,60.853871,92.856472,1638.76920781564,1263.35900094596,1259.9111260485,1198.20804205444,9.76540739165855,13.2909158588713,11.6407302416116,11.9203227441654,42.9,9.9,44.7,44.7,115.8482558,708.2126005,32.3,28.3,16.253232522477,87.9,82.4,79.2,89.4,89.3378562928724,22.8252112945433,15.8933971361841,19.7431866194561,19.8,26.3,18.0,26.72,2.15320198153839,6881.377037,2.4,33.9,12.0,9.4,218.5,145.0,73.149310568,72.8216914,71.5316,71.849,72.8,1205305.2,0.0,4.0,0.0,1205305.2,301326.3,12327.060000000001,59102208.0
SOUTH DEERING,51.0,-87.570058,41.690639,89.5,85.4,8.14282257824333,66.898771,49.943012,51.855338,58.940531,753.546462,721.580879,709.053526,739.37297,43.811275,54.795537,49.832546,65.742002,8.948195,13.991912,7.021994,6.002612,170.35366,167.687213,177.589869,184.594404,426.208117278641,294.913586362986,283.332437481619,287.324514845189,9.7102780434796,13.2724629371776,11.6198736016609,11.8597374123463,36.7,20.2,26.9,26.9,109.8725691,674.8773855,40.8,42.4,11.9257828163215,82.5,83.3,60.3,63.4,75.210821603451,12.6484714791419,16.1288062386211,38.2696391576618,34.9,37.6,36.4,28.2,6.50640683789714,15488.044697,11.6,26.3,18.0,2.8,213.1,291.0,73.974569516,74.30671578,74.3551,74.7152,74.1,16630772.4,3351.0,9.0,2.0,16634123.4,1847863.6,1675.5,303874560.0
EAST SIDE,52.0,-87.534907,41.707306,68.5,73.7,10.4207828280324,48.08866,37.157796,36.758815,45.196204,296.177016,350.766574,393.029115,423.980645,19.246014,30.264947,16.242813,23.252077,1.132071,8.055855,8.057111,2.940741,86.005327,104.939998,107.494576,96.13222,811.631484879223,789.160834359718,800.838134807337,793.601368842289,9.63725009645779,13.2400031823498,11.5781621932342,11.7822444910527,17.7,4.7,15.0,15.0,66.15947832,528.0796416,31.0,35.5,11.3015800505853,78.3,74.7,62.3,69.3,68.0130297432839,11.578132427142,10.0293823407263,17.9197522098177,29.6,28.7,49.4,43.0,13.8237479317295,23448.75298,6.0,17.8,18.0,5.7,186.0,310.0,78.25126976,78.6795586,78.4471,78.987,78.3,9932986.8,0.0,6.0,0.0,9932986.8,1655497.8,10446.369523809524,83077632.0
WEST PULLMAN,53.0,-87.635745,41.67382,83.4,86.2,8.6214251276781,156.577781,148.56918,138.139815,160.654365,1228.107587,1319.367049,1289.628058,1307.091347,87.318179,111.323982,143.82024,133.284457,24.768272,21.938943,27.719746,31.651517,411.310597,432.385307,447.97093,440.545415,581.90755160501,455.871708399016,403.51620923072,383.611176840981,9.79208231163228,13.2851129748406,11.6259479981295,11.9292903760453,35.5,24.5,38.5,38.5,110.5375158,689.7825099,45.0,53.4,15.2508054065195,70.6,81.4,62.3,61.5,86.047350554595,18.184708590896,17.1349531149153,22.4085819475968,42.9,34.0,41.8,48.4,1.22578369157121,26700.344133,9.1,39.7,58.0,4.7,217.2,621.0,70.463293092,69.67128575,70.5622,71.9554,72.0,1406988.0,42827.0,5.0,2.0,1449815.0,281397.6,21413.5,99247104.0
HEGEWISCH,55.0,-87.556803,41.668188,82.3,80.6,9.81930244286755,3.98641,11.866546,5.993262,7.963135,168.220399,236.220087,244.187203,198.938705,10.864941,10.85892,10.861863,5.941262,1.973427,3.963023,5.921845,1.972056,32.675882,48.426807,42.491791,41.507585,193.440719244619,111.015332553323,108.91201197104,105.371522785616,9.67585806648844,13.2663839031946,11.6087716677647,11.8168049530086,23.2,27.8,18.1,18.1,97.07890582,631.550254,49.9,47.6,6.61152301757209,57.5,57.8,73.7,70.2,84.5344642619786,16.4961353252062,6.12257567796463,16.790797359054,33.1,29.2,38.8,41.2,7.19641469507098,9003.049938,10.8,26.2,13.0,15.5,170.3,152.0,77.241165322,78.26511053,77.317,79.1156,77.2,6044385.600000001,0.0,3.0,0.0,6044385.600000001,2014795.2000000002,14703.883333333331,146082816.0
GARFIELD RIDGE,56.0,-87.764246,41.796185,79.7,79.2,8.10110095503357,71.530075,63.495775,51.889036,52.072036,692.182538,748.671573,684.178709,826.231563,26.857482,32.409199,56.844437,49.400301,11.554997,10.967784,8.981983,14.406833,81.782926,93.771848,118.049693,124.498042,1273.38842434384,1090.39366460056,1124.58774099259,1106.72497661581,10.052845788358,13.2457122542107,11.6710111810261,12.1938762441374,18.1,17.0,9.7,9.7,81.06427862,610.3805867,37.3,41.7,10.480698135066,81.1,83.2,84.9,88.4,82.3757150831533,20.6797441289567,8.87480717843285,8.4699102500327,27.3,27.5,39.8,31.3,9.30377288904885,37113.7674,10.8,21.1,36.0,4.7,177.6,688.0,79.938796939,79.10295587,78.3771,78.5809,78.6,2134440.0,0.0,5.0,0.0,2134440.0,426888.0,9975.220833333333,117925632.00000001
ARCHER HEIGHTS,57.0,-87.726365,41.810873,83.5,95.8,10.2393908105296,16.181229,23.342806,18.085241,32.261703,371.555707,373.125324,390.823223,424.427776,11.135662,27.221042,30.426975,25.317049,7.021593,2.061005,3.050226,6.061339,42.442838,66.520879,68.696106,65.730364,1180.75387893706,1059.26471209386,1065.62549255121,1071.88550297829,10.01775142851,13.2601597142158,11.6923673062444,12.1731566743277,9.3,6.0,0.0,0.0,21.50215182,421.4146031,55.4,59.5,5.69581291281404,71.5,62.6,67.2,63.5,68.8237413877471,14.5115275538423,7.67738529783401,14.12795578984,44.5,38.3,19.9,22.240000000000002,17.6308681257903,13816.249237,12.3,7.7,5.0,9.5,131.0,146.0,78.878765707,82.43765916,81.7844,79.3705,80.3,1009720.8000000002,15033.0,4.0,1.0,1024753.8000000002,252430.20000000004,15033.0,56035583.99999999
BRIGHTON PARK,58.0,-87.698859,41.817364,75.1,73.1,17.8750211545934,87.40841,81.412232,98.378556,158.029058,790.325932,850.093892,863.260935,1062.862338,63.304348,93.022982,133.383765,149.016581,18.96265,16.031044,9.089753,15.094706,213.484361,236.331095,303.760657,358.401258,1074.16155463766,808.356897440632,824.12439442211,847.085335576471,9.97552739356548,13.2607116049141,11.6978500459492,12.1506840301494,12.7,14.5,3.6,3.6,47.69198672,414.4960653,32.9,36.4,7.0679558242468,81.6,81.5,59.5,61.0,66.1704078961687,10.7497907917835,7.91818712046482,23.7231680345542,35.8,39.4,36.5,41.5,24.1036644702331,44347.377613,11.5,12.0,26.0,7.4,170.0,329.0,79.717756182,79.34661231,79.5437,79.4277,79.9,349351.2,31485.0,2.0,2.0,380836.2,174675.6,15742.5,75829248.0
MCKINLEY PARK,59.0,-87.6725,41.829927,78.2,79.4,12.5176731208878,16.077153,23.090345,61.956439,57.01093,372.339188,424.367808,447.236533,473.315633,22.055387,23.174203,40.145168,29.118949,4.041847,4.018469,6.028358,2.032046,61.24126,65.348056,87.270444,90.307336,1470.38250435576,1124.15904066982,1122.27260554195,1101.37170463109,9.92993438344441,13.236937915785,11.6991081688854,12.1268629565704,21.7,6.7,19.8,19.8,52.26872584,518.817168,20.1,23.5,9.85199332710412,88.5,87.2,79.3,78.5,73.1613220703841,21.6592837277042,7.54214437338677,19.2263800977928,24.0,36.4,25.9,33.7,20.9935112115766,15188.12425,7.5,17.6,14.0,4.8,158.8,158.0,80.425544893,81.91081105,81.1919,80.356,81.6,3274840.8000000003,62625.0,5.0,1.0,3337465.8000000003,654968.16,62625.0,39308544.0
LAKE VIEW,6.0,-87.656001,41.944236,75.6,74.9,3.93320174583568,43.028483,35.510247,37.446092,73.310519,2974.717695,2983.950478,2873.818719,2943.893326,149.635263,182.102125,221.704766,254.239318,60.278106,56.797165,47.494639,40.038514,352.292592,359.300477,365.733791,404.63074,1687.64555832934,1280.10159196137,1276.98714696139,1292.0252081028,9.63266088836413,12.8399224165843,11.370509103887,11.8168327876558,10.7,10.8,22.6,22.6,72.1574385,716.2392913,17.8,16.8,5.45848116478214,90.5,88.9,94.4,91.5,97.3519640445368,81.3204166145823,2.80145828767608,7.92000613643862,14.1,14.2,11.5,17.3,1.52493021952401,90172.378144,7.0,13.9,62.0,12.6,143.8,678.0,82.453542077,82.2431649,81.9584,81.6764,81.2,383328.0,109978.0,16.0,6.0,493306.0,23958.0,18329.666666666668,86980608.0
BRIDGEPORT,60.0,-87.648784,41.836151,74.5,85.3,8.80813010191618,42.134856,30.052748,34.167227,48.046331,568.793989,614.747658,697.370708,712.904287,17.239873,33.219034,54.41464,70.426069,11.020443,8.984942,6.002152,2.04164,115.297116,129.633674,127.762112,147.684232,2703.09028816108,2581.05598052901,2541.18002037375,2633.48093963464,9.88869468636544,13.2222574985462,11.702673871832,12.0960116734615,8.5,9.0,15.6,15.6,78.45375371,514.4325738,21.3,33.7,8.56844919320304,75.9,67.9,81.7,80.5,81.3763658942073,34.6243767317259,6.83905948336054,14.6796024122489,23.4,13.0,24.7,24.2,15.8682336865525,34483.901503,6.7,15.5,27.0,10.4,164.9,396.0,80.3469067,79.56921575,79.0052,79.8913,80.6,1915768.8,28151.0,10.0,3.0,1943919.8,191576.88,9383.666666666666,58265855.99999999
NEW CITY,61.0,-87.659171,41.809017,71.0,66.8,14.5390449161101,254.04632,180.391883,222.010447,288.000182,1448.45848,1648.450311,1782.99956,1916.206142,112.212477,150.066835,199.266645,245.856321,30.019259,34.959382,28.963844,35.942056,431.123995,541.755992,600.352642,711.103061,344.052457972975,129.656088905906,133.86868946258,131.3118892972,9.9100905895696,13.2618108946415,11.6994794515191,12.1028106782242,32.8,32.1,30.6,30.6,78.44380261,555.8004411,38.9,30.9,11.0091168055156,67.6,67.9,53.5,55.8,73.6584941805889,12.6618284015216,14.3505283747411,24.8253252340754,32.0,26.4,42.3,44.4,12.0647108173528,39458.488229,14.6,36.6,70.0,6.7,202.9,458.0,73.705978569,74.06552613,73.6413,75.3685,76.8,3961782.0,83179.0,11.0,4.0,4044961.0,360162.0,20794.75,134652672.0
WEST ELSDON,62.0,-87.724213,41.792977,70.9,52.5,10.4497238406225,35.682919,23.823859,17.891296,17.917188,346.5081,451.606789,445.674241,505.27162,25.81922,25.814127,56.542019,57.526841,5.965155,5.954481,6.948432,1.997063,69.511631,72.445977,92.293888,89.374743,938.242794143124,884.820711114698,899.97491161367,892.02222136758,10.0191676550113,13.2780745561808,11.6951548462128,12.175032879909,17.0,11.3,0.0,0.0,41.17097591,440.2324851,41.6,39.1,7.61449106411878,82.9,94.9,85.3,82.3,71.123436315317,13.6509312492918,11.0525071194495,9.03198849307698,25.4,24.2,29.0,33.7,16.1813184770424,18992.537247,7.1,14.2,12.0,15.2,156.7,177.0,83.077872208,82.60048111,81.3973,79.9381,80.1,952657.2,0.0,3.0,0.0,952657.2,317552.39999999997,14341.646153846154,32617727.999999996
GAGE PARK,63.0,-87.696433,41.795429,72.9,74.2,15.0393315983496,73.290407,87.043676,75.078473,101.526962,802.186347,769.546939,976.209364,977.803231,92.32716,78.226829,148.149822,106.008885,15.797223,16.652565,14.899542,17.913274,221.932402,195.108948,292.407301,299.175379,416.460056689098,378.12854061671,381.460921389715,391.806527153275,9.9751784893011,13.2808275111334,11.6970541939695,12.1428184519861,20.5,17.0,10.3,10.3,32.9735609,406.5419977,36.3,22.8,7.11831060405974,70.9,68.2,58.4,59.8,68.6366664455233,7.04419381890821,12.9880586449943,18.1911484944911,33.8,40.3,24.4,33.5,17.928735486368,37204.527625,11.5,14.7,24.0,3.9,157.8,245.0,79.472036191,78.85277221,81.079,81.0732,78.8,855082.7999999999,57010.0,2.0,2.0,912092.8,427541.39999999997,28505.0,61332480.00000001
CLEARING,64.0,-87.768517,41.779582,73.6,73.5,9.01816987351883,27.071175,21.964719,31.968138,26.658584,363.155697,461.408394,412.912186,456.132375,13.051254,17.502692,19.010336,27.477812,8.459486,2.012063,5.009819,4.456404,64.928572,55.914246,55.448394,56.977044,502.670031758288,408.81421393685,409.857866966932,407.146546984688,10.0554753167337,13.257950032071,11.6720412753885,12.1905920529255,22.8,31.3,23.4,23.4,90.94776042,591.3584502,31.2,34.9,9.626517732046,78.0,79.2,75.0,78.4,85.1494176408173,18.6043413077877,8.74614113591666,8.76630636604595,28.3,35.6,38.8,35.3,6.81126695442171,25018.229401,12.1,29.0,33.0,9.9,207.0,407.0,77.997419059,76.32861529,76.4491,77.3562,77.4,2174950.8000000003,3364.0,6.0,1.0,2178314.8000000003,362491.80000000005,3364.0,71089920.0
WEST LAWN,65.0,-87.726927,41.769774,87.9,86.5,10.5784546534716,26.944099,35.918827,51.828092,40.904038,704.377476,827.809542,854.052636,1014.574923,48.863784,47.921921,86.772062,100.706746,10.980297,9.963609,9.003711,8.970832,113.724661,114.776338,160.666222,191.445551,510.550472087936,424.348154069033,418.919170898156,417.997848842989,10.0092268143989,13.2982686776513,11.683306136795,12.1674692200328,16.0,6.6,27.7,27.7,55.63091558,500.0735234,28.9,29.7,9.35099288006512,74.2,68.5,72.2,68.6,74.090526496617,12.6132459668976,10.874660911621,12.6670774835603,34.1,24.9,34.4,23.9,15.1940875587547,31799.903511,7.1,19.9,31.0,10.6,177.7,342.0,78.905521378,79.30583724,79.5391,79.7793,79.5,958320.0,12063.0,2.0,1.0,970383.0,479160.0,12063.0,82241280.0
CHICAGO LAWN,66.0,-87.695667,41.771849,78.7,85.6,13.9482326942031,259.303741,232.537699,222.054108,239.198296,2072.885695,2268.698872,2278.607337,2354.857735,229.132066,277.337279,287.079499,289.252527,45.807133,30.935773,40.95413,31.939906,643.174631,689.452274,692.447454,686.210474,373.875870726235,226.4554766073,221.896878439247,227.433121865434,9.96244709392423,13.2966743053395,11.685577381701,12.1273341628092,21.7,31.4,33.0,33.0,63.98479242,544.0935506,40.5,41.6,10.9589443831553,74.1,78.6,62.2,62.0,76.9887795901847,7.9953227828887,20.8814488843163,24.2472780776969,36.7,39.6,38.7,43.1,8.66312379129501,51182.393421,9.6,30.9,76.0,8.0,203.3,625.0,73.525381072,74.36022627,75.3702,75.2786,74.2,15356206.8,25016.0,4.0,4.0,15381222.8,3839051.7,6254.0,98410752.0
WEST ENGLEWOOD,67.0,-87.666598,41.775926,87.4,89.7,8.11502385824884,418.495245,454.105595,500.737482,515.613232,2236.83968,2450.638738,2372.33339,2656.471828,215.528427,263.54259,297.338475,354.828406,40.160687,35.204886,45.015603,42.915632,860.783164,876.387636,910.17924,1007.60563,233.700779443566,95.6339174857172,94.8379096889251,93.9093217484114,9.92028525903648,13.286862182395,11.6926739639766,12.0936991270229,52.7,38.3,24.6,24.6,94.73514857,630.8456404,51.0,50.7,16.5316766509093,74.5,77.0,52.0,52.8,77.8933684266553,8.94762733304412,27.0193531577251,33.2776061821018,35.5,31.3,36.3,35.6,2.20967345834436,26567.535681,10.3,41.6,72.0,5.3,243.9,766.0,71.849620019,71.92237118,69.9263,68.9264,70.8,3742675.2,21226.0,7.0,2.0,3763901.2,534667.8857142858,10613.0,87816960.0
ENGLEWOOD,68.0,-87.642502,41.777201,90.7,93.0,12.3006415466738,416.355904,405.44528,313.43699,488.117403,2069.868082,2144.864963,2099.091888,2271.452768,236.451549,221.54416,271.557136,317.325274,49.893673,36.915677,32.947801,31.938879,787.196618,796.419169,810.327804,933.739894,2743.59203845337,2361.05395129729,2324.27162816518,2361.31643608837,9.88517478577861,13.2823918598143,11.6878028257371,12.05996881973,56.5,45.9,34.9,34.9,131.580708,718.4578802,34.3,40.7,23.0873273824812,73.5,74.5,55.3,50.5,76.4449437636495,8.89293521066659,24.4724802904274,40.1025625630883,28.1,26.0,39.1,36.0,0.710651585575007,22874.516993,8.3,47.4,66.0,5.0,210.3,596.0,71.069051292,71.23354566,70.8088,71.4822,71.1,2238112.8000000003,95725.0,12.0,4.0,2333837.8000000003,186509.40000000002,23931.25,85586688.0
GREATER GRAND CROSSING,69.0,-87.616139,41.763251,77.2,76.1,7.06459685811191,335.496304,303.137867,209.112722,250.976753,2370.875715,2252.648635,2495.728988,2529.963536,232.419068,245.472864,395.359882,395.51536,57.052035,42.063055,48.99231,44.050986,856.230136,821.266349,974.298613,937.16116,2149.10991276944,2018.62477501261,2075.59001626193,2079.92126736367,9.82968000699372,13.2881586090705,11.6761601697906,12.0084994515517,54.8,22.1,45.6,45.6,118.9904694,699.2962345,47.1,40.6,17.1849141677869,74.3,79.1,57.5,56.8,85.6394638980209,16.5471106946202,21.9003885477824,35.8672672676466,30.5,25.9,27.6,27.5,0.479639362192781,30215.363374,7.4,43.9,68.0,5.7,219.0,744.0,71.650329125,70.63710403,69.1845,70.6731,72.1,1499335.2,26698.0,8.0,3.0,1526033.2,187416.9,8899.333333333334,98968320.0
LINCOLN PARK,7.0,-87.649491,41.922696,69.2,64.9,2.51517754160411,31.830961,23.132414,27.521432,28.265642,2429.689445,2965.757678,2626.495937,2370.295365,113.554364,159.929466,140.721139,133.093862,19.50284,19.263417,21.82908,27.305316,207.095191,253.18387,220.173774,212.893479,476.778535152722,251.166533629859,256.031298720425,258.304737968918,9.68866723853365,12.9331492751714,11.4570977550168,11.8887897654558,8.7,7.5,6.5,6.5,81.81865855,734.8865007,19.1,15.8,5.21644935728061,89.5,89.2,86.3,89.2,97.576976238637,83.7734403666824,2.73608968432817,9.14617440954786,11.6,11.9,15.5,16.6,1.29992579992364,62535.374094,11.3,9.5,29.0,3.9,156.7,521.0,80.689056873,81.5282629,81.3034,81.2813,81.4,54099342.00000001,77533.0,20.0,13.0,54176875.00000001,2704967.1000000006,5964.076923076923,88095744.0
ASHBURN,70.0,-87.708363,41.745756,82.1,89.0,9.4141881339683,34.467323,39.500391,29.612407,44.800878,880.635538,939.740879,1048.538715,1300.848315,69.431031,98.532926,109.652268,120.74155,11.120688,11.130466,12.060227,13.139987,183.51766,223.595788,231.694863,272.805691,832.220110452066,437.189462149052,439.228203167066,442.220148425122,9.95332916906294,13.2981638567044,11.6623615254424,12.1057116922962,7.8,2.0,16.9,16.9,89.408462,633.8494071,31.6,36.4,7.90694777766426,84.1,80.5,87.2,83.1,83.1474254038479,20.9084433519265,11.1055381719346,13.1117095573926,36.7,34.5,30.4,25.6,5.52894045004475,43537.909724,7.4,10.3,22.0,6.2,221.4,620.0,76.144405963,77.0811225,76.0591,76.1606,76.7,3250011.6,147656.0,7.0,2.0,3397667.6,464287.37142857147,73828.0,135489024.0
AUBURN GRESHAM,71.0,-87.656305,41.744203,83.0,86.2,8.11335052580629,408.989048,399.780775,346.947815,309.302394,2704.57885,2795.547582,2979.489751,3078.662525,263.639085,302.644023,357.605894,382.063544,53.16494,52.130601,41.098581,50.131046,824.346557,900.352061,982.530385,983.281846,507.354863212907,297.223068903256,301.29866636508,292.185543574292,9.88543516773898,13.300447079614,11.6749787721717,12.0481756313202,32.1,32.9,32.6,32.6,101.7972489,684.9347936,41.2,42.3,16.3758675112821,78.4,82.9,57.9,53.7,84.3329608998053,15.513577974139,15.9345531110451,25.1686331311471,24.4,32.6,35.0,42.5,0.196189477903269,45992.397076,6.7,32.9,89.0,7.2,217.5,1194.0,71.051660202,71.53084266,72.2612,72.2199,72.8,2731212.0,3518.0,10.0,1.0,2734730.0,273121.2,3518.0,105101568.0
BEVERLY,72.0,-87.675072,41.713148,68.8,80.6,3.47187051954478,13.308664,10.21072,8.080871,13.296721,392.467118,401.071015,420.707263,437.031089,15.237312,10.338436,25.294739,21.311694,1.100143,6.080341,3.016967,1.047298,41.718383,43.732835,49.772645,45.009345,577.623433620621,492.810574932517,502.696849390989,500.215207720701,9.87192352569818,13.2837316209116,11.6430174165802,12.017014449504,0.0,14.9,2.8,2.8,56.76893391,618.3610736,27.2,32.6,8.90696259102607,94.0,93.6,89.7,91.8,96.5626146700031,55.9905832887615,4.41861769789555,4.69124343795363,16.5,20.6,15.5,16.3,0.667059572292075,19826.532537,4.7,12.1,13.0,12.3,178.4,290.0,79.487946663,79.33840492,79.5787,78.0742,77.9,1761130.8,4718.0,8.0,1.0,1765848.8,220141.35,4718.0,88653312.0
WASHINGTON HEIGHTS,73.0,-87.648897,41.717495,86.6,88.4,6.46989929970026,139.437717,73.638538,68.681313,128.349249,1198.592992,1243.288834,1304.854614,1270.64995,83.552353,93.439519,141.374317,158.207015,17.868154,16.901277,19.916998,8.952716,319.444499,286.58292,367.29695,359.218143,1881.81326142974,1437.72722817004,1451.82061132711,1365.19446608428,9.8476677714475,13.2917236115761,11.6560790594281,12.0021583642636,33.6,15.1,31.7,31.7,104.8183042,691.7048832,39.9,31.8,17.5318777313108,86.9,85.2,66.0,68.3,88.4304269602674,24.3688905392535,15.6781807659443,21.0760000505118,33.9,30.9,38.1,41.4,0.110666402116812,26635.007753,7.5,30.2,44.0,3.3,201.6,701.0,72.781468547,73.13897428,72.7433,74.3132,73.8,2345270.4,0.0,6.0,0.0,2345270.4,390878.39999999997,14967.9,79732224.0
MOUNT GREENWOOD,74.0,-87.713189,41.694876,81.8,91.0,2.71484846733685,11.985856,3.996341,3.996906,9.988219,146.823753,183.811567,199.779581,204.78011,1.99809,6.994243,6.991319,8.990411,3.993578,2.996529,0.0,1.99809,14.980026,17.983145,15.982052,21.97713,185.51855666978,17.5600464044728,17.680129032649,17.484097729483,9.87065675349959,13.2467470906407,11.6011893584298,11.998602863941,5.6,11.2,14.9,14.9,110.5242599,675.7710689,23.6,17.1,8.84594148631972,91.3,92.4,96.3,98.1,96.2990039849853,40.2411739234143,4.10041728430124,4.64121749531659,23.6,18.0,28.3,23.6,0.404162823591346,19196.883036,6.2,14.2,14.0,16.1,194.4,307.0,78.246616854,77.16068812,77.0195,78.1464,78.7,2970356.4,2352.0,3.0,2.0,2972708.4,990118.7999999999,1176.0,75550464.0
MORGAN PARK,75.0,-87.669062,41.689729,75.3,75.5,5.7368342311534,63.901476,44.924303,31.968436,60.925202,656.009519,773.763976,791.737912,710.927342,34.954536,20.978998,52.947198,48.945867,6.993093,18.974811,6.99278,5.993469,136.84346,121.844359,152.813089,141.831084,996.109688469252,768.797587286071,749.185941150517,721.120725464978,9.83367372849949,13.2715658045269,11.6235753380209,11.9699085083665,15.8,6.9,11.7,11.7,96.66475108,657.831486,46.5,40.5,15.2509781464097,85.9,83.4,83.6,76.3,92.3104394392591,37.2799159353357,11.2958145264528,11.8900495631657,20.9,34.0,34.1,32.2,0.676479486578582,21594.815938,7.6,13.4,16.0,7.0,198.4,548.0,75.012953862,75.65541437,75.7315,75.1967,74.8,7486657.200000001,123125.0,9.0,3.0,7609782.200000001,831850.8000000002,41041.666666666664,91998720.0
OHARE,76.0,-87.893699,41.975696,76.8,72.5,14.1949783720784,99.117738,57.217838,117.021597,160.028127,561.243453,588.000932,514.452571,594.100662,5.854089,3.92996,4.935184,7.917796,3.991585,3.982517,1.87058,6.792842,22.283371,18.536551,20.099386,32.114155,1385.59423802664,1158.99412709406,1148.65618323944,1168.53424449948,9.88488452321751,12.7635118521781,11.1968514812249,11.905661623049,32.9,5.9,8.5,8.5,50.89246899,424.8994969,13.2,25.4,10.9506419041292,96.5,83.0,88.8,76.9,81.9478661203167,28.556875789771,4.41111302875745,13.2854038628253,22.0,31.0,36.6,23.6,13.540166905054,15655.21018,9.4,17.9,11.0,8.7,180.8,175.0,81.439524423,80.92485666,81.6962,81.8094,81.8,77972.40000000001,265939.0,1.0,10.0,343911.4,77972.40000000001,26593.9,371897856.0
EDGEWATER,77.0,-87.663419,41.986719,76.4,75.0,7.11648731014273,19.559024,15.21243,29.102139,41.605744,994.741181,1084.559449,1092.795654,973.561023,55.825853,71.122291,74.470326,79.144302,19.143054,19.813942,14.493553,26.454735,137.356586,156.674636,150.744235,158.395951,1452.66472618328,971.054758633239,979.808146812097,976.951148694857,9.50213608949004,12.6505512890317,11.1712175937849,11.6387389536596,16.3,13.0,16.5,16.5,67.12866786,626.1092051,20.8,24.7,12.0371638810209,87.0,89.8,92.4,92.0,91.2133257251606,59.6112306393862,4.93377304280793,13.1524016255391,16.8,19.1,16.5,16.2,5.69053212826537,48691.025555,8.0,19.9,64.0,11.1,158.7,751.0,81.415380696,80.08425791,80.0619,80.3025,80.7,696524.4,23632.0,11.0,7.0,720156.4,63320.4,3376.0,48508416.0
NEAR NORTH SIDE,8.0,-87.633318,41.899611,78.3,77.5,2.24588979219029,146.216478,122.134115,134.014461,119.69585,6113.787648,6507.295004,6357.485812,5314.379329,385.041043,359.883654,382.713189,273.237282,81.212928,81.467807,95.159797,81.118309,738.724095,712.687497,699.547985,561.665207,3475.89251630357,2820.48384411194,2841.95201868247,2840.46229510412,9.73143070916311,13.0181090212661,11.5496739632875,11.9484784170846,9.0,9.1,7.3,7.3,70.5783594,725.486948,17.8,13.8,8.03300246259623,89.8,91.8,85.8,89.1,97.2333238224944,78.3168552490729,2.64779676004801,9.42543598801634,18.8,14.5,15.8,12.5,1.34094251954886,84576.024332,5.5,13.6,55.0,11.9,143.7,812.0,82.124658502,82.60521288,82.3812,83.2688,83.7,1856962.8,688719.0,16.0,64.0,2545681.8,116060.175,10761.234375,76386816.0
EDISON PARK,9.0,-87.81378,42.007627,85.5,76.5,2.33999577367566,0.0,0.00124,1.995273,1.001189,74.875236,74.895991,85.870046,101.869293,0.99891,0.995448,1.994358,4.991259,1.998192,0.000124,2.993811,0.99891,7.992644,8.988186,12.976577,11.984963,719.35409857031,627.628715112416,642.171464446388,634.115421195003,9.7344006982157,12.6717300985539,11.1022841557978,11.7634868206848,19.3,0.0,0.0,0.0,64.43771726,673.5005629,18.8,19.7,7.40245307459664,93.2,95.9,100.0,100.0,95.6365222445906,49.0359466512085,1.55868708502181,3.5051456636979,27.3,26.6,28.3,21.5,0.705608285320351,11254.802798,9.4,11.1,5.0,9.8,117.1,177.0,82.637138602,82.66337722,83.0617,83.4075,81.6,900385.2000000001,0.0,4.0,0.0,900385.2000000001,225096.30000000002,15287.646153846154,31502591.999999996
